<?xml version="1.0" ?><options>
	<universal>
		<maxServers>60</maxServers>
		<identTrigger>false</identTrigger>
		<identServiceModule>serviceA</identServiceModule>
		<identDimmerVector>1.0</identDimmerVector>
		<identServersVector>1</identServersVector>
		<identWorkloadVector>0.0</identWorkloadVector>
		<identWorkloadFile>../workload/sampling_workload.delta</identWorkloadFile>
		<controlTrigger>false</controlTrigger>
		<controlWorkloadFile>../workload/control_workload.delta</controlWorkloadFile>
		<deviationServiceModule>serviceA</deviationServiceModule>
		<deviationMode>normal</deviationMode>
		<deviationStartTime>200</deviationStartTime>
		<deviationEndTime>1079</deviationEndTime>
		<BOffsetPercent>0.0</BOffsetPercent>
		<period>6.0*1080*60</period>
	</universal>
	<serviceA>
		<serviceAMinServers>1</serviceAMinServers>
		<serviceAMaxServers>20</serviceAMaxServers>
		<serviceAInitialServers>3</serviceAInitialServers>
		<serviceAControlTrigger>true</serviceAControlTrigger>
		<serviceASupervisionTrigger>true</serviceASupervisionTrigger>
		<serviceAAuxiliarySignalTriggerMode>combine_trigger</serviceAAuxiliarySignalTriggerMode>
		<serviceAAuxiliarySignalDesignMode>optimal_design</serviceAAuxiliarySignalDesignMode>
		<serviceATimingInterval>15</serviceATimingInterval>
		<serviceARndSeed>1</serviceARndSeed>
		<serviceASwitchTrigger>false</serviceASwitchTrigger>
	</serviceA>
	<serviceB>
		<serviceBMinServers>1</serviceBMinServers>
		<serviceBMaxServers>20</serviceBMaxServers>
		<serviceBInitialServers>1</serviceBInitialServers>
		<serviceBControlTrigger>false</serviceBControlTrigger>
		<serviceBSupervisionTrigger>false</serviceBSupervisionTrigger>
		<serviceBAuxiliarySignalTriggerMode>combine_trigger</serviceBAuxiliarySignalTriggerMode>
		<serviceBAuxiliarySignalDesignMode>optimal_design</serviceBAuxiliarySignalDesignMode>
		<serviceBTimingInterval>15</serviceBTimingInterval>
		<serviceBRndSeed>1</serviceBRndSeed>
		<serviceBSwitchTrigger>false</serviceBSwitchTrigger>
	</serviceB>
	<serviceC>
		<serviceCMinServers>1</serviceCMinServers>
		<serviceCMaxServers>20</serviceCMaxServers>
		<serviceCInitialServers>1</serviceCInitialServers>
		<serviceCControlTrigger>false</serviceCControlTrigger>
		<serviceCSupervisionTrigger>false</serviceCSupervisionTrigger>
		<serviceCAuxiliarySignalTriggerMode>combine_trigger</serviceCAuxiliarySignalTriggerMode>
		<serviceCAuxiliarySignalDesignMode>optimal_design</serviceCAuxiliarySignalDesignMode>
		<serviceCTimingInterval>15</serviceCTimingInterval>
		<serviceCRndSeed>1</serviceCRndSeed>
		<serviceCSwitchTrigger>false</serviceCSwitchTrigger>
	</serviceC>
</options>